{
  "state": {
    "turn": false,
    "move": 1,
    "board": [
      {
        "index": 1,
        "empty": [
          "_",
          "_",
          "_",
          "_",
          "_",
          "_"
        ],
        "filled": []
      },
      {
        "index": 2,
        "empty": [
          "_",
          "_",
          "_",
          "_",
          "_"
        ],
        "filled": [
          "X"
        ]
      },
      {
        "index": 3,
        "empty": [
          "_",
          "_",
          "_",
          "_",
          "_",
          "_"
        ],
        "filled": []
      },
      {
        "index": 4,
        "empty": [
          "_",
          "_",
          "_",
          "_",
          "_",
          "_"
        ],
        "filled": []
      },
      {
        "index": 5,
        "empty": [
          "_",
          "_",
          "_",
          "_",
          "_",
          "_"
        ],
        "filled": []
      },
      {
        "index": 6,
        "empty": [
          "_",
          "_",
          "_",
          "_",
          "_",
          "_"
        ],
        "filled": []
      },
      {
        "index": 7,
        "empty": [
          "_",
          "_",
          "_",
          "_",
          "_",
          "_"
        ],
        "filled": []    
      }
    ]
  },
  "history": [
    {
      "turn": true,
      "move": 0,
      "board": [
        {
          "index": 1,
          "empty": [
            "_",
            "_",
            "_",
            "_",
            "_",
            "_"
          ],
          "filled": []
        },
        {
          "index": 2,
          "empty": [
            "_",
            "_",
            "_",
            "_",
            "_",
            "_"
          ],
          "filled": []
        },
        {
          "index": 3,
          "empty": [
            "_",
            "_",
            "_",
            "_",
            "_",
            "_"
          ],
          "filled": []
        },
        {
          "index": 4,
          "empty": [
            "_",
            "_",
            "_",
            "_",
            "_",
            "_"
          ],
          "filled": []
        },
        {
          "index": 5,
          "empty": [
            "_",
            "_",
            "_",
            "_",
            "_",
            "_"
          ],
          "filled": []
        },
        {
          "index": 6,
          "empty": [
            "_",
            "_",
            "_",
            "_",
            "_",
            "_"
          ],
          "filled": []
        },
        {
          "index": 7,
          "empty": [
            "_",
            "_",
            "_",
            "_",
            "_",
            "_"
          ],
          "filled": []      
        }
      ]
      }
  ]
}
